Created time,Nombre completo,Telefono,Costo total talleres,Monto abonado a otros,Monto abonado talleres,?Pendiente talleres,Pagos realizados,Sede,Talleres,Fecha del Taller,Foto
"March 21, 2025 11:42 AM",Alumna 1,7618411063,1500,0,1500,0,"Anticipo (https://www.notion.so/Anticipo-1bd339df0075811388c1d7d7348b93d2?pvs=21), #0016 Liquida (https://www.notion.so/0016-Liquida-1ca339df00758097b807e72035fdc78f?pvs=21)",GDL,25.03 Peeling µcidos (https://www.notion.so/25-03-Peeling-cidos-22d339df0075802397ffe53ff685fa31?pvs=21),31/03/2025 2:00 PM ? 7:00 PM,
"March 21, 2025 11:42 AM",Alumna 2,9098144518,0,919,1200,-1200,"Anticipo (https://www.notion.so/Anticipo-1bd339df007581c2a5f1cbce925c1136?pvs=21), #0022 Producto (https://www.notion.so/0022-Producto-1ca339df0075804b9aadc77fcc763d7f?pvs=21), #0017 Liquida (https://www.notion.so/0017-Liquida-1ca339df0075808d8544dfac0b588ab2?pvs=21)",,,,
"March 21, 2025 11:42 AM",Alumna 3,3170906463,2450,0,3450,-1000,"Pago de taller (https://www.notion.so/Pago-de-taller-1bd339df0075816487f4cb25c9e7fd7d?pvs=21), #0021 Anticipo ADN (https://www.notion.so/0021-Anticipo-ADN-1ca339df0075812787f8e6b53d7bdf24?pvs=21), #0031 (https://www.notion.so/0031-1cc339df007580fe80d1f6b018939934?pvs=21), #0031 (https://www.notion.so/0031-1cc339df00758081bd6fe9686b78ca1e?pvs=21), #0035 Apartado (https://www.notion.so/0035-Apartado-1cc339df007580c0bffadc5402313131?pvs=21), #0035 Apartado (https://www.notion.so/0035-Apartado-1cc339df007580d0a6d0d1313b7c8d1b?pvs=21), #2330 Nuevo pago de taller (https://www.notion.so/2330-Nuevo-pago-de-taller-1f5339df007580a6acaac926e99475f4?pvs=21)",GDL,"25.04 ADN de Salm¢n - 1200 (https://www.notion.so/25-04-ADN-de-Salm-n-1200-1ca339df007580ab9c3bcfaf33e5ca90?pvs=21), 25.05 Carrusel Corporal - Precio con especial (https://www.notion.so/25-05-Carrusel-Corporal-Precio-con-especial-1cc339df00758099800dd19f6317a2cc?pvs=21)","04/04/2025,15/05/2025 1:00 PM ? 7:00 PM",
"March 21, 2025 11:42 AM",Alumna 4,2460392687,1500,3823,1500,0,"Anticipo (https://www.notion.so/Anticipo-1bd339df007581ed882adf1a27b53a6a?pvs=21), #0015 Liquida (https://www.notion.so/0015-Liquida-1ca339df007580309187eeaff734382a?pvs=21), #0019 Productos (https://www.notion.so/0019-Productos-1ca339df007580c7b017cf078227ff09?pvs=21)",GDL,25.03 Peeling µcidos (https://www.notion.so/25-03-Peeling-cidos-22d339df0075802397ffe53ff685fa31?pvs=21),31/03/2025 2:00 PM ? 7:00 PM,
"April 2, 2025 6:36 PM",Alumna 5,5842647678,1500,258,1259,241,"#0023 (https://www.notion.so/0023-1ca339df00758079b493fffd3bf7d786?pvs=21), #0023 Anticipo (https://www.notion.so/0023-Anticipo-1ca339df007580449e81d0b9e0579cd7?pvs=21), #0018 Liquida (https://www.notion.so/0018-Liquida-1ca339df007580319151e2d0958b381c?pvs=21)",GDL,25.08.27 Peeling µcidos - Precio Alumnas (https://www.notion.so/25-08-27-Peeling-cidos-Precio-Alumnas-1ca339df007580ed8c75eb0252015aae?pvs=21),27/08/2025 10:00 AM ? 11:00 AM,
"April 2, 2025 6:45 PM",Alumna 6,4744033851,1500,0,1500,0,"#0014 Liquida (https://www.notion.so/0014-Liquida-1ca339df007580c48face2e9a95c4d4c?pvs=21), Anticipo (https://www.notion.so/Anticipo-1ca339df007580be8004fbea261aebb6?pvs=21)",GDL,25.03 Peeling µcidos (https://www.notion.so/25-03-Peeling-cidos-22d339df0075802397ffe53ff685fa31?pvs=21),31/03/2025 2:00 PM ? 7:00 PM,
"April 2, 2025 6:47 PM",Alumna 7,3263595484,2750,3588.5,2509,241,"Anticipo (https://www.notion.so/Anticipo-1ca339df007581779903ef1c8f2c7f3c?pvs=21), #0013 Liquida (https://www.notion.so/0013-Liquida-1ca339df007580fe923fc747b139a205?pvs=21), #0020 Producto (https://www.notion.so/0020-Producto-1ca339df00758085a3aff46b542ea4ed?pvs=21), #0020 Producto (https://www.notion.so/0020-Producto-1ca339df0075801d8828c144d0bc2547?pvs=21), Apartado de Taller (https://www.notion.so/Apartado-de-Taller-1f1339df0075801b962dcf8261cc279b?pvs=21), #0038 Liquida Taller (https://www.notion.so/0038-Liquida-Taller-1f1339df0075806f9185ece85a3ac13d?pvs=21), #0054 (https://www.notion.so/0054-1f2339df007580babc5eff0f5b399ef2?pvs=21), #0058 Productos (https://www.notion.so/0058-Productos-1f3339df00758032a5d5fa98b128b834?pvs=21)",GDL,"25.08.27 Peeling µcidos - Precio Alumnas (https://www.notion.so/25-08-27-Peeling-cidos-Precio-Alumnas-1ca339df007580ed8c75eb0252015aae?pvs=21), 25.05.12 Ampolleter¡a Facial - Precio con dscto/alumna (https://www.notion.so/25-05-12-Ampolleter-a-Facial-Precio-con-dscto-alumna-1cb339df007580c3a11ac3ae85dba24a?pvs=21)","27/08/2025 10:00 AM ? 11:00 AM,12/05/2025 10:00 AM ? 3:00 PM",
"April 2, 2025 6:47 PM",Alumna 8,7550161801,1500,2725,2800,-1300,"#0025 (https://www.notion.so/0025-1ca339df007580d4b5ebf81b68096a1c?pvs=21), #0026 (https://www.notion.so/0026-1cb339df0075803fb32dfd3fea04f411?pvs=21), # Apartado (https://www.notion.so/Apartado-1cb339df007580ee9e0df69bda84d7ee?pvs=21), #0063 - Anticipo (https://www.notion.so/0063-Anticipo-217339df007580b39007c6498760466e?pvs=21), #0085 Nuevo pago de taller (https://www.notion.so/0085-Nuevo-pago-de-taller-21f339df007580c7b2bdea8d0e17a7f9?pvs=21), #0095 Nuevo pago otros (https://www.notion.so/0095-Nuevo-pago-otros-21f339df007580a98594c9a265dd9edd?pvs=21)",GDL,25.06 Dermapen con Exosomas  (https://www.notion.so/25-06-Dermapen-con-Exosomas-1f3339df007580949f05cc8ebcb0c0a0?pvs=21),26/06/2025 1:30 PM ? 7:30 PM,
"April 2, 2025 6:47 PM",Alumna 9,2182547033,1250,950,2450,-1200,"#0024 Liq Taller (https://www.notion.so/0024-Liq-Taller-1ca339df007580838533f4221b45a23d?pvs=21), #0029 (https://www.notion.so/0029-1cc339df00758071acd6e2f7348594d1?pvs=21), #0037 (https://www.notion.so/0037-1cc339df00758054ae08d1a608dd9190?pvs=21)",GDL,25.04 ADN de Salm¢n - 1250 (https://www.notion.so/25-04-ADN-de-Salm-n-1250-1ca339df0075800786a9d86a2949416c?pvs=21),04/04/2025,
"April 3, 2025 1:08 PM",Alumna 10,8043424775,2750,4228,2000,750,"Anticipo (https://www.notion.so/Anticipo-1ca339df00758026a840ff3b1680f605?pvs=21), #0028 Liquida (https://www.notion.so/0028-Liquida-1cc339df0075809ba3e7c1b724723b35?pvs=21), #0033 (https://www.notion.so/0033-1cc339df007580fb982cdfcd3f0c779c?pvs=21), #0033 (https://www.notion.so/0033-1cc339df00758018b694f9ab5c0f49a3?pvs=21), Apartado de Taller (https://www.notion.so/Apartado-de-Taller-1f1339df00758020bca6d1c0f7df94f9?pvs=21), #0046 Producto (https://www.notion.so/0046-Producto-1f2339df007580ce8a44fdae571ae821?pvs=21)",GDL,"25.04 ADN de Salm¢n (https://www.notion.so/25-04-ADN-de-Salm-n-1ca339df00758017b312c08dd55e685e?pvs=21), 25.05.12 Ampolleter¡a Facial - Precio con dscto/alumna (https://www.notion.so/25-05-12-Ampolleter-a-Facial-Precio-con-dscto-alumna-1cb339df007580c3a11ac3ae85dba24a?pvs=21)","04/04/2025,12/05/2025 10:00 AM ? 3:00 PM",
"April 3, 2025 5:30 PM",Alumna 11,5140259648,1500,1000,1500,0,"# Antici (https://www.notion.so/Antici-1ca339df00758010b40fc29e9caf2d5f?pvs=21), # Nuevo pago de taller (https://www.notion.so/Nuevo-pago-de-taller-1cb339df007580c1a16ac730d5cfbf68?pvs=21), #0036 (https://www.notion.so/0036-1cc339df0075807a918fe912b9f5bdf1?pvs=21)",GDL,25.04 ADN de Salm¢n (https://www.notion.so/25-04-ADN-de-Salm-n-1ca339df00758017b312c08dd55e685e?pvs=21),04/04/2025,
"April 3, 2025 6:18 PM",Alumna 12,2434065261,2950,3550,4200,-1250,"#0027 Liquida curso (https://www.notion.so/0027-Liquida-curso-1cb339df007581da97d3dff6bf28554e?pvs=21), #0027 Liquida curso (https://www.notion.so/0027-Liquida-curso-1cb339df0075811c9d91fa84ab8ff221?pvs=21), #0034 (https://www.notion.so/0034-1cc339df00758056b81cee9e4bb5f2c0?pvs=21), #0034 (https://www.notion.so/0034-1cc339df0075801294bac7e3e1d60990?pvs=21), Apartado de Taller (https://www.notion.so/Apartado-de-Taller-1f1339df0075800983c6ef18bec26ec3?pvs=21), #0041 Liquida Taller (https://www.notion.so/0041-Liquida-Taller-1f1339df007580f2881cfccbcd0a25f0?pvs=21), #0053 (https://www.notion.so/0053-1f2339df007580ae895bc90c0c5ec50c?pvs=21), #0052 Nuevo pago de taller (https://www.notion.so/0052-Nuevo-pago-de-taller-1f3339df00758066bacfd594a27d7afe?pvs=21), #0072 (https://www.notion.so/0072-21f339df007580c682e2d25c25ecc46f?pvs=21), Anticipo (https://www.notion.so/Anticipo-230339df007580fabee5d05e41370f3b?pvs=21), #0099 liquida taller (https://www.notion.so/0099-liquida-taller-233339df007580d08c8de5406e58fba2?pvs=21), #0099 (https://www.notion.so/0099-233339df007580d99ec6e10206bed0f8?pvs=21)",GDL,"25.04 ADN de Salm¢n - 1250 (https://www.notion.so/25-04-ADN-de-Salm-n-1250-1ca339df0075800786a9d86a2949416c?pvs=21), 25.05.12 Ampolleter¡a Facial - Precio $1200 (https://www.notion.so/25-05-12-Ampolleter-a-Facial-Precio-1200-1f1339df007580baab6cd29d5fdfda89?pvs=21), 25.06 Autodermapen preguntas (https://www.notion.so/25-06-Autodermapen-preguntas-1f3339df007580a7b23cf5b6144eec14?pvs=21)","04/04/2025,12/05/2025 10:00 AM ? 3:00 PM,25/06/2025 10:00 AM ? 3:00 PM",
"April 3, 2025 6:59 PM",Alumna 13,4889696800,1250,0,1250,0,"# Anticipo (https://www.notion.so/Anticipo-1cb339df007580c5b260c9f107180abb?pvs=21), #0032 Liq talelr (https://www.notion.so/0032-Liq-talelr-1cc339df00758038b6ebdc2121fc5237?pvs=21)",GDL,25.04 ADN de Salm¢n - 1250 (https://www.notion.so/25-04-ADN-de-Salm-n-1250-1ca339df0075800786a9d86a2949416c?pvs=21),04/04/2025,
"April 3, 2025 7:03 PM",Alumna 14,2758855526,1250,900,1250,0,"# Paga ma¤ana  (https://www.notion.so/Paga-ma-ana-1cb339df00758079ac4ad96da8c99c29?pvs=21), #0030 (https://www.notion.so/0030-1cc339df007580ecb19dce15f8a693ae?pvs=21), #0073 (https://www.notion.so/0073-21f339df00758026ae83ecdb7e733e07?pvs=21)",GDL,25.04 ADN de Salm¢n - 1250 (https://www.notion.so/25-04-ADN-de-Salm-n-1250-1ca339df0075800786a9d86a2949416c?pvs=21),04/04/2025,
"April 5, 2025 4:50 PM",Alumna 15,8333093711,2250,150,2250,0,"# Apartado (https://www.notion.so/Apartado-1cc339df007580eeb78dfcfb861314ab?pvs=21), #2331 Nuevo pago de taller (https://www.notion.so/2331-Nuevo-pago-de-taller-1f5339df0075802599b1c89dc19f9c45?pvs=21), #0064 - Anticipo (https://www.notion.so/0064-Anticipo-217339df0075806c8229f2c2716089f6?pvs=21), #0070 (https://www.notion.so/0070-21f339df007580aa8313c73f9c20c794?pvs=21), #0079 (https://www.notion.so/0079-21f339df007580448af0f045967d74bc?pvs=21)",GDL,"25.05 Carrusel Corporal - Precio con especial (https://www.notion.so/25-05-Carrusel-Corporal-Precio-con-especial-1cc339df00758099800dd19f6317a2cc?pvs=21), 25.06 Autodermapen (https://www.notion.so/25-06-Autodermapen-1f2339df0075801b876ce2cd0eef8e79?pvs=21)","15/05/2025 1:00 PM ? 7:00 PM,25/06/2025 10:00 AM ? 3:00 PM",
"April 22, 2025 11:17 AM",Alumna 16,1707109391,1250,0,1250,0,"# Nuevo pago de taller (https://www.notion.so/Nuevo-pago-de-taller-1dd339df00758069bf2fffa890ac8c3b?pvs=21), #2326 Nuevo pago de taller (https://www.notion.so/2326-Nuevo-pago-de-taller-1f5339df0075809da113dea5923bfdb6?pvs=21)",GDL,25.05 Carrusel Corporal - Precio con especial (https://www.notion.so/25-05-Carrusel-Corporal-Precio-con-especial-1cc339df00758099800dd19f6317a2cc?pvs=21),15/05/2025 1:00 PM ? 7:00 PM,
"May 12, 2025 2:19 PM",Alumna 17,9062852995,2000,3103,2000,0,"Apartado Taller (https://www.notion.so/Apartado-Taller-1f1339df0075817c9fc1f9fde607ae6e?pvs=21), Apartado Taller (https://www.notion.so/Apartado-Taller-1f1339df00758010a667ca9cc2883fff?pvs=21), #0040 Liquida Taller (https://www.notion.so/0040-Liquida-Taller-1f1339df007580c4b019cfdfd2af6421?pvs=21), #0056 Producto (https://www.notion.so/0056-Producto-1f2339df0075801fa12de8d6472905fc?pvs=21), #0055 Nuevo pago de taller (https://www.notion.so/0055-Nuevo-pago-de-taller-1f3339df00758028887bc7c73fe2a0b1?pvs=21), #0057 Nuevo pago otros (https://www.notion.so/0057-Nuevo-pago-otros-1f3339df0075801abe00ff7d1c75d2f7?pvs=21), #0057 Nuevo pago otros (https://www.notion.so/0057-Nuevo-pago-otros-1f4339df007580f4877bda7d101a9f21?pvs=21), #0071 Dermapen (https://www.notion.so/0071-Dermapen-21f339df0075809bbd59d375a70beea6?pvs=21), #0071 Dermapen (https://www.notion.so/0071-Dermapen-21f339df00758064a8aae37fa4cd484b?pvs=21), #0081 (https://www.notion.so/0081-21f339df00758012a1b4e0b21d1bf897?pvs=21), #0082 Abono 1 (https://www.notion.so/0082-Abono-1-21f339df00758098b28de27bd28788bd?pvs=21), #0084 (https://www.notion.so/0084-21f339df0075800f8936dfa28785faea?pvs=21)",GDL,"25.05 Ampolleter¡a Facial (https://www.notion.so/25-05-Ampolleter-a-Facial-1cb339df007580d98bcdc304b7d66e36?pvs=21), 25.06 Autodermapen preguntas (https://www.notion.so/25-06-Autodermapen-preguntas-1f3339df007580a7b23cf5b6144eec14?pvs=21)","12/05/2025 10:00 AM ? 3:00 PM,25/06/2025 10:00 AM ? 3:00 PM",
"May 12, 2025 2:24 PM",Alumna 18,4869999090,1500,500,1500,0,"Apartado Taller (https://www.notion.so/Apartado-Taller-1f1339df00758057b3d3e44c94c7ed37?pvs=21), #2316 Liquida Taller (https://www.notion.so/2316-Liquida-Taller-1f1339df007580539d45e16e70a72cba?pvs=21), #0044 Productos (https://www.notion.so/0044-Productos-1f2339df007580ffab2bfea55ea34397?pvs=21)",GDL,25.05 Ampolleter¡a Facial (https://www.notion.so/25-05-Ampolleter-a-Facial-1cb339df007580d98bcdc304b7d66e36?pvs=21),12/05/2025 10:00 AM ? 3:00 PM,
"May 12, 2025 2:32 PM",Alumna 19,4974857761,1250,2700,1250,0,"Apartado de Taller (https://www.notion.so/Apartado-de-Taller-1f1339df00758040a3ddf128dd429b54?pvs=21), #0039 Liquida Taller (https://www.notion.so/0039-Liquida-Taller-1f1339df00758045ba87d9840b6cb57b?pvs=21), #0045 Producto (https://www.notion.so/0045-Producto-1f2339df0075802491a9fe8a49a037f0?pvs=21)",GDL,25.05.12 Ampolleter¡a Facial - Precio con dscto/alumna (https://www.notion.so/25-05-12-Ampolleter-a-Facial-Precio-con-dscto-alumna-1cb339df007580c3a11ac3ae85dba24a?pvs=21),12/05/2025 10:00 AM ? 3:00 PM,
"May 12, 2025 2:37 PM",Alumna 20,3703039244,3350,735,3100,250,"Apartado de Talleres (https://www.notion.so/Apartado-de-Talleres-1f1339df007580939393ebbaa587c455?pvs=21), #0042 Liquida Taller (https://www.notion.so/0042-Liquida-Taller-1f1339df00758014bce7ebc3e651d739?pvs=21), #0050 Producto (https://www.notion.so/0050-Producto-1f2339df0075801f9d64dc1ad70b3d69?pvs=21), #0051 Nuevo pago de taller (https://www.notion.so/0051-Nuevo-pago-de-taller-1f3339df007580b994b4ffe826e50ace?pvs=21), #0051 Nuevo pago de taller (https://www.notion.so/0051-Nuevo-pago-de-taller-1f3339df0075801d843ff36ab85ee5f3?pvs=21), #0065 (https://www.notion.so/0065-21f339df007580908a29fbcb3a11b137?pvs=21), #0076 (https://www.notion.so/0076-21f339df007580329569f763ccbf7fa0?pvs=21), #0092 (https://www.notion.so/0092-21f339df0075804abe6af02d3a50b2c1?pvs=21), #0092 (https://www.notion.so/0092-21f339df0075802a9a52dd0ea453bbb1?pvs=21)",GDL,"25.05 Ampolleter¡a Facial (https://www.notion.so/25-05-Ampolleter-a-Facial-1cb339df007580d98bcdc304b7d66e36?pvs=21), 25.06 Autodermapen alumnas (https://www.notion.so/25-06-Autodermapen-alumnas-1f3339df007580c79185d35aebd6c0eb?pvs=21), 25.06 Dermapen con Exosomas Dscto (https://www.notion.so/25-06-Dermapen-con-Exosomas-Dscto-210339df007580518215c56ca51e062e?pvs=21)","12/05/2025 10:00 AM ? 3:00 PM,25/06/2025 10:00 AM ? 3:00 PM,26/06/2025 1:30 PM ? 7:30 PM",
"May 12, 2025 2:48 PM",Alumna 21,8943837624,1250,510,1250,0,"Apartado de Taller (https://www.notion.so/Apartado-de-Taller-1f1339df0075807abca4d78166aa879a?pvs=21), #2315 Liquida Taller (https://www.notion.so/2315-Liquida-Taller-1f1339df007580eaa140c622a687ab98?pvs=21), #0047 Productos (https://www.notion.so/0047-Productos-1f2339df00758083af2ce51d13a115bc?pvs=21)",GDL,25.05.12 Ampolleter¡a Facial - Precio con dscto/alumna (https://www.notion.so/25-05-12-Ampolleter-a-Facial-Precio-con-dscto-alumna-1cb339df007580c3a11ac3ae85dba24a?pvs=21),12/05/2025 10:00 AM ? 3:00 PM,
"May 12, 2025 6:51 PM",Alumna 22,3078354945,20750,21905.5,21650,-900,"#0043 Liquida Taller (https://www.notion.so/0043-Liquida-Taller-1f2339df007580ecb112e5937117ff4f?pvs=21), #0048 Productos (https://www.notion.so/0048-Productos-1f2339df00758026bccfd972e6879f45?pvs=21), #0049 Nuevo pago de taller (https://www.notion.so/0049-Nuevo-pago-de-taller-1f3339df00758012997ecedb28b153f1?pvs=21), #0059 Nuevo pago otros (https://www.notion.so/0059-Nuevo-pago-otros-1f3339df0075802fbf92f8c471bb4610?pvs=21), #0062 - Anticipo (https://www.notion.so/0062-Anticipo-217339df0075801f90fffbbbb2ab0a39?pvs=21), #0074 (https://www.notion.so/0074-21f339df0075805e9e15fae3aee91dc0?pvs=21), #0205 Semana Carrera (https://www.notion.so/0205-Semana-Carrera-272339df0075806da52ac9114d02a5ae?pvs=21), #0205 (https://www.notion.so/0205-272339df007580549b1be4765f7ebb9c?pvs=21), #0210 (https://www.notion.so/0210-272339df007580b4a7e9fdc975ae4bd7?pvs=21), #0249 Compra prod (https://www.notion.so/0249-Compra-prod-28f339df007580be84bdd13c46f912e3?pvs=21), #0218 2da Semana (https://www.notion.so/0218-2da-Semana-28f339df0075807eb21fdd585733b82d?pvs=21), #0218 2da Semana (https://www.notion.so/0218-2da-Semana-28f339df007580cf9c16e4453c1acf4c?pvs=21), #0244 3ra semana (https://www.notion.so/0244-3ra-semana-28f339df007580ab8791d0f13b7674f7?pvs=21), #0154 4ta Semana (https://www.notion.so/0154-4ta-Semana-28f339df0075809ba031db43f798d27f?pvs=21), #0155 (https://www.notion.so/0155-28f339df0075808f9582cab89ac70b62?pvs=21), #0170 (https://www.notion.so/0170-293339df007580e38fdcc85bf40ef83f?pvs=21), #0176 (https://www.notion.so/0176-293339df007580a48ae7f434885aadce?pvs=21), #0176 (https://www.notion.so/0176-293339df007580d2843eca9782215f4b?pvs=21), #0186 (https://www.notion.so/0186-293339df00758056bf4df62f167e2e8c?pvs=21), #0186 (https://www.notion.so/0186-293339df007580ac8dedde048d661d35?pvs=21), #0254 Pago de semana y papeles (https://www.notion.so/0254-Pago-de-semana-y-papeles-293339df0075800aaf1af6ee3d778d46?pvs=21), #0160 (https://www.notion.so/0160-295339df007580aebde9df2761a304a2?pvs=21), #0161 (https://www.notion.so/0161-295339df007580cc8b31d0a510ddfdf8?pvs=21), #0274 (https://www.notion.so/0274-2c5339df007581eebf15c7ca63bc5e14?pvs=21), #0274 producto (https://www.notion.so/0274-producto-2c5339df007581d98684d192ffdf418c?pvs=21)",GDL,"25.05.12 Ampolleter¡a Facial - Precio con dscto/alumna (https://www.notion.so/25-05-12-Ampolleter-a-Facial-Precio-con-dscto-alumna-1cb339df007580c3a11ac3ae85dba24a?pvs=21), 25.06 Autodermapen preguntas (https://www.notion.so/25-06-Autodermapen-preguntas-1f3339df007580a7b23cf5b6144eec14?pvs=21), Carrera Especializada Intensiva Sept-Oct (https://www.notion.so/Carrera-Especializada-Intensiva-Sept-Oct-217339df00758049adc0f455d64ba353?pvs=21)","12/05/2025 10:00 AM ? 3:00 PM,25/06/2025 10:00 AM ? 3:00 PM,09/09/2025 ? 29/10/2025",
"May 16, 2025 7:13 AM",Alumna 23,4239254653,1500,0,1500,0,"# Nuevo pago de taller (https://www.notion.so/Nuevo-pago-de-taller-1f5339df007580ff80cac75a2c855029?pvs=21), #2329 Nuevo pago de taller (https://www.notion.so/2329-Nuevo-pago-de-taller-1f5339df00758073acf7f8807245e668?pvs=21)",GDL,25.08.28 Taller Carrusel Corporal Pt. 2 - Precio alumna (https://www.notion.so/25-08-28-Taller-Carrusel-Corporal-Pt-2-Precio-alumna-1cb339df00758070a36cf81dfdfc9021?pvs=21),28/08/2025 10:00 AM ? 3:00 PM,
"May 16, 2025 7:22 AM",Alumna 24,4038839106,1500,0,1500,0,"# Nuevo pago de taller (https://www.notion.so/Nuevo-pago-de-taller-1f5339df007580259534d7f3d566d1a3?pvs=21), #2328 Nuevo pago de taller (https://www.notion.so/2328-Nuevo-pago-de-taller-1f5339df0075804a8cdad14a55e0f0af?pvs=21)",GDL,25.08.28 Taller Carrusel Corporal Pt. 2 - Precio alumna (https://www.notion.so/25-08-28-Taller-Carrusel-Corporal-Pt-2-Precio-alumna-1cb339df00758070a36cf81dfdfc9021?pvs=21),28/08/2025 10:00 AM ? 3:00 PM,
"May 16, 2025 7:27 AM",Alumna 25,3448235481,1500,0,1500,0,"# Nuevo pago de taller (https://www.notion.so/Nuevo-pago-de-taller-1f5339df007580fbad4adb528d75ab2e?pvs=21), #2327 Nuevo pago de taller (https://www.notion.so/2327-Nuevo-pago-de-taller-1f5339df007580eea043cfb3b031165a?pvs=21)",GDL,25.08.28 Taller Carrusel Corporal Pt. 2 - Precio alumna (https://www.notion.so/25-08-28-Taller-Carrusel-Corporal-Pt-2-Precio-alumna-1cb339df00758070a36cf81dfdfc9021?pvs=21),28/08/2025 10:00 AM ? 3:00 PM,
"June 17, 2025 1:36 PM",Alumna 26,5052302197,1500,150,1500,0,"Anticipo (https://www.notion.so/Anticipo-215339df0075809f8e30d68a03e5597e?pvs=21), #0087 Nuevo pago de taller (https://www.notion.so/0087-Nuevo-pago-de-taller-21f339df0075809fbc8af311e64afeb6?pvs=21), #0096 Nuevo pago otros (https://www.notion.so/0096-Nuevo-pago-otros-21f339df007580fc9426d9580f238f3c?pvs=21)",GDL,25.06 Dermapen con Exosomas  (https://www.notion.so/25-06-Dermapen-con-Exosomas-1f3339df007580949f05cc8ebcb0c0a0?pvs=21),26/06/2025 1:30 PM ? 7:30 PM,
"June 17, 2025 1:37 PM",Alumna 27,1843943127,1500,0,1500,0,"Anticipo (https://www.notion.so/Anticipo-215339df007580bea217f98836891a3b?pvs=21), #0086 (https://www.notion.so/0086-21f339df0075801b91b2d8e6f0880e7d?pvs=21)",GDL,25.06 Dermapen con Exosomas  (https://www.notion.so/25-06-Dermapen-con-Exosomas-1f3339df007580949f05cc8ebcb0c0a0?pvs=21),26/06/2025 1:30 PM ? 7:30 PM,
"June 17, 2025 1:45 PM",Alumna 28,4080089819,1000,0,300,700,Anticipo (https://www.notion.so/Anticipo-215339df007580e39711c7b7dc60a90d?pvs=21),GDL,25.06 Autodermapen (https://www.notion.so/25-06-Autodermapen-1f2339df0075801b876ce2cd0eef8e79?pvs=21),25/06/2025 10:00 AM ? 3:00 PM,
"June 17, 2025 1:49 PM",Alumna 29,1781141006,1000,600,1000,0,"Anticipo (https://www.notion.so/Anticipo-215339df0075804a9c15e55789c5e464?pvs=21), #0067 (https://www.notion.so/0067-21f339df0075805b8a65e999eaad0214?pvs=21), #0075 (https://www.notion.so/0075-21f339df007580119c0cd06c18e74d8a?pvs=21)",GDL,25.06 Autodermapen (https://www.notion.so/25-06-Autodermapen-1f2339df0075801b876ce2cd0eef8e79?pvs=21),25/06/2025 10:00 AM ? 3:00 PM,
"June 17, 2025 1:51 PM",Alumna 30,4329413619,1500,2100,1500,0,"Anticipo (https://www.notion.so/Anticipo-215339df007580d79d11c1f1b93a57d1?pvs=21), #0088 Nuevo pago de taller (https://www.notion.so/0088-Nuevo-pago-de-taller-21f339df007580c8bcc6e02707606446?pvs=21), #0094 Nuevo pago otros (https://www.notion.so/0094-Nuevo-pago-otros-21f339df00758085af8fe32421a83a28?pvs=21)",GDL,25.06 Dermapen con Exosomas  (https://www.notion.so/25-06-Dermapen-con-Exosomas-1f3339df007580949f05cc8ebcb0c0a0?pvs=21),26/06/2025 1:30 PM ? 7:30 PM,
"June 17, 2025 1:54 PM",Alumna 31,1156375669,1000,150,1000,0,"#0068 (https://www.notion.so/0068-21f339df0075800ba194ecc63a5b98c1?pvs=21), #0078 (https://www.notion.so/0078-21f339df00758079a0b1ca1d4e7d29f9?pvs=21)",GDL,25.06 Autodermapen (https://www.notion.so/25-06-Autodermapen-1f2339df0075801b876ce2cd0eef8e79?pvs=21),25/06/2025 10:00 AM ? 3:00 PM,
"June 17, 2025 6:52 PM",Alumna 32,2937932266,1000,170,1000,0,"Anticipo (https://www.notion.so/Anticipo-216339df00758055bd56fc97a02db329?pvs=21), #0069 (https://www.notion.so/0069-21f339df0075801b9948e61d03939624?pvs=21), #0083 (https://www.notion.so/0083-21f339df007580d58d34fd25e07b2118?pvs=21)",GDL,25.06 Autodermapen (https://www.notion.so/25-06-Autodermapen-1f2339df0075801b876ce2cd0eef8e79?pvs=21),25/06/2025 10:00 AM ? 3:00 PM,
"June 23, 2025 12:12 PM",Alumna 33,6782150178,2500,510,1400,1100,"Anticipo (https://www.notion.so/Anticipo-21b339df007580a28bfdee36161a73ec?pvs=21), Anticipo (https://www.notion.so/Anticipo-21b339df007580cb829dc3d02a89bf8b?pvs=21), #0066 liquida (https://www.notion.so/0066-liquida-21e339df007580d5a96bda06c786dad1?pvs=21), #0077 (https://www.notion.so/0077-21f339df00758046af42f718c5a2d88f?pvs=21)",GDL,"25.06 Autodermapen (https://www.notion.so/25-06-Autodermapen-1f2339df0075801b876ce2cd0eef8e79?pvs=21), 25.06 Dermapen con Exosomas  (https://www.notion.so/25-06-Dermapen-con-Exosomas-1f3339df007580949f05cc8ebcb0c0a0?pvs=21)","25/06/2025 10:00 AM ? 3:00 PM,26/06/2025 1:30 PM ? 7:30 PM",WhatsApp_Image_2025-06-27_at_4.24.23_PM.jpeg
"June 24, 2025 6:46 PM",Alumna 34,4657190973,1500,0,1500,0,"Anticipo (https://www.notion.so/Anticipo-21d339df007580819449d0a16f9eb263?pvs=21), #0090 Nuevo pago de taller (https://www.notion.so/0090-Nuevo-pago-de-taller-21f339df0075802fae2ece48239ca151?pvs=21)",GDL,25.06 Dermapen con Exosomas  (https://www.notion.so/25-06-Dermapen-con-Exosomas-1f3339df007580949f05cc8ebcb0c0a0?pvs=21),26/06/2025 1:30 PM ? 7:30 PM,
"July 12, 2025 12:54 PM",Alumna 35,8689724986,1500,0,1500,0,"Anticipo (https://www.notion.so/Anticipo-22e339df007581bd933ce9515b4e197c?pvs=21), #0110 Liquida (https://www.notion.so/0110-Liquida-234339df007580879553ce65c12ac166?pvs=21)",GDL,25.07 Taller Laser ND:YAG  (https://www.notion.so/25-07-Taller-Laser-ND-YAG-1f3339df0075800eb30fe644607c0d60?pvs=21),17/07/2025 10:00 AM ? 3:00 PM,
"July 12, 2025 1:01 PM",Alumna 36,4050768097,2000,0,2000,0,"Anticipo (https://www.notion.so/Anticipo-22e339df0075816b86ebcf3ea0d50010?pvs=21), #0103 Liquida taller (https://www.notion.so/0103-Liquida-taller-234339df00758055b474c004b80f409e?pvs=21)",GDL,25.07 Taller Dermapen Capilar (https://www.notion.so/25-07-Taller-Dermapen-Capilar-224339df0075800fb791d8be76bab474?pvs=21),15/07/2025 10:00 AM ? 3:00 PM,
"July 12, 2025 1:19 PM",Alumna 37,4593988043,2000,0,500,1500,Anticipo para talleres agosto (https://www.notion.so/Anticipo-para-talleres-agosto-22e339df00758166a297fec207109b1d?pvs=21),GDL,25.07 Taller Dermapen Capilar (https://www.notion.so/25-07-Taller-Dermapen-Capilar-224339df0075800fb791d8be76bab474?pvs=21),15/07/2025 10:00 AM ? 3:00 PM,
"July 12, 2025 1:53 PM",Alumna 38,3823885844,2000,190,2000,0,"Anticipo (https://www.notion.so/Anticipo-22e339df007581d9ad67e320ab487344?pvs=21), #0101 Liquida Taller (https://www.notion.so/0101-Liquida-Taller-233339df00758024a0e2ecf56c0bd8fa?pvs=21), #0106 (https://www.notion.so/0106-234339df007580cd9dcbe6f14a406d80?pvs=21)",GDL,25.07 Taller Dermapen Capilar (https://www.notion.so/25-07-Taller-Dermapen-Capilar-224339df0075800fb791d8be76bab474?pvs=21),15/07/2025 10:00 AM ? 3:00 PM,
"July 12, 2025 2:36 PM",Alumna 39,7679480848,1500,0,1500,0,"Anticipo (https://www.notion.so/Anticipo-22e339df0075818b9468d1caf0ef4f2d?pvs=21), #0108 Liquida (https://www.notion.so/0108-Liquida-234339df00758022b245e4fd2446d883?pvs=21)",GDL,25.07 Taller Laser ND:YAG  (https://www.notion.so/25-07-Taller-Laser-ND-YAG-1f3339df0075800eb30fe644607c0d60?pvs=21),17/07/2025 10:00 AM ? 3:00 PM,
"July 12, 2025 2:39 PM",Alumna 40,7752459515,2000,0,2000,0,"Anticipo (https://www.notion.so/Anticipo-22e339df00758159919bdfcbb4ec323e?pvs=21), #0102 Liquida Taller (https://www.notion.so/0102-Liquida-Taller-234339df0075809b8307f9bcf4451ac9?pvs=21)",GDL,25.07 Taller Dermapen Capilar (https://www.notion.so/25-07-Taller-Dermapen-Capilar-224339df0075800fb791d8be76bab474?pvs=21),15/07/2025 10:00 AM ? 3:00 PM,
"July 12, 2025 2:44 PM",Alumna 41,3355609221,1500,0,1500,0,"Anticipo (https://www.notion.so/Anticipo-22e339df0075817090dedfe58844df1e?pvs=21), #0109 Nuevo pago de taller (https://www.notion.so/0109-Nuevo-pago-de-taller-234339df00758028b918edf77c74b8cb?pvs=21)",GDL,25.07 Taller Laser ND:YAG  (https://www.notion.so/25-07-Taller-Laser-ND-YAG-1f3339df0075800eb30fe644607c0d60?pvs=21),17/07/2025 10:00 AM ? 3:00 PM,
"July 13, 2025 1:28 PM",Alumna 42,1707832705,1500,0,1500,0,"Anticipo (https://www.notion.so/Anticipo-22f339df007580e5b15afabb80daf324?pvs=21), Liquida (https://www.notion.so/Liquida-232339df0075805b8b4fc36b4c776d7e?pvs=21), #0116 Nuevo pago de taller (https://www.notion.so/0116-Nuevo-pago-de-taller-234339df0075805b925ff0ecb3e1bcb9?pvs=21)",GDL,25.07 Taller Laser ND:YAG  (https://www.notion.so/25-07-Taller-Laser-ND-YAG-1f3339df0075800eb30fe644607c0d60?pvs=21),17/07/2025 10:00 AM ? 3:00 PM,
"July 14, 2025 1:58 PM",Alumna 43,6990870962,1250,0,1750,-500,"Anticipo (https://www.notion.so/Anticipo-230339df007580b9b3e7d076575004bb?pvs=21), #0100 Liquida taller (https://www.notion.so/0100-Liquida-taller-233339df00758095819dec163d368a2c?pvs=21)",GDL,25.07 Dsc Alumnas Dermapen Capilar $1250 (https://www.notion.so/25-07-Dsc-Alumnas-Dermapen-Capilar-1250-224339df0075806ab27cd7b44ccb85db?pvs=21),15/07/2025 10:00 AM ? 3:00 PM,
"July 16, 2025 12:28 PM",Alumna 44,6483679473,1500,732,1500,0,"Anticipo (https://www.notion.so/Anticipo-232339df007580bd9ce8dd4574992342?pvs=21), #0113 Liquida (https://www.notion.so/0113-Liquida-234339df007580438b23f2e0d71d7342?pvs=21), #0118 Nuevo pago otros (https://www.notion.so/0118-Nuevo-pago-otros-234339df007580d3a0e8fa4c971aa753?pvs=21)",GDL,25.07 Taller Laser ND:YAG  (https://www.notion.so/25-07-Taller-Laser-ND-YAG-1f3339df0075800eb30fe644607c0d60?pvs=21),17/07/2025 10:00 AM ? 3:00 PM,
"July 16, 2025 12:44 PM",Alumna 45,5883301490,1500,3278,1500,0,"Anticipo (https://www.notion.so/Anticipo-232339df007580919548f32aea9381a8?pvs=21), #0119 Nuevo pago otros (https://www.notion.so/0119-Nuevo-pago-otros-234339df0075805593f0eb99ea5f6d4d?pvs=21), #0114 Liquida (https://www.notion.so/0114-Liquida-234339df0075802ab587dcfe9e42979f?pvs=21)",GDL,25.07 Taller Laser ND:YAG  (https://www.notion.so/25-07-Taller-Laser-ND-YAG-1f3339df0075800eb30fe644607c0d60?pvs=21),17/07/2025 10:00 AM ? 3:00 PM,
"July 16, 2025 12:49 PM",Alumna 46,9356722133,1500,1955,1500,0,"Anticipo (https://www.notion.so/Anticipo-232339df0075805d9680fc1019cbd785?pvs=21), #0120 Nuevo pago otros (https://www.notion.so/0120-Nuevo-pago-otros-234339df007580578c06f8e61a78fa45?pvs=21), #0115 Liquida (https://www.notion.so/0115-Liquida-234339df00758002b95df72ce8a1cca0?pvs=21)",GDL,25.07 Taller Laser ND:YAG  (https://www.notion.so/25-07-Taller-Laser-ND-YAG-1f3339df0075800eb30fe644607c0d60?pvs=21),17/07/2025 10:00 AM ? 3:00 PM,
"July 18, 2025 12:14 PM",Alumna 47,,6500,500,6500,0,"#0112 Liquida (https://www.notion.so/0112-Liquida-234339df007580a4b8f6c80fd8944219?pvs=21), #0122 Liquida (https://www.notion.so/0122-Liquida-25c339df0075800993dbdcbc265a011d?pvs=21), #0122 Compra de Producto (https://www.notion.so/0122-Compra-de-Producto-25c339df0075807ab18ac79d65bb535e?pvs=21), # Nuevo pago de taller (https://www.notion.so/Nuevo-pago-de-taller-25e339df0075808aafbbe2717ba4ab68?pvs=21)",GDL,"25.08.25 Taller Privado ADN de Salm¢n con Dermapen e Infiltrado (https://www.notion.so/25-08-25-Taller-Privado-ADN-de-Salm-n-con-Dermapen-e-Infiltrado-25b339df007580898412d380fa563392?pvs=21), 25.07 Taller Laser ND:YAG  (https://www.notion.so/25-07-Taller-Laser-ND-YAG-1f3339df0075800eb30fe644607c0d60?pvs=21)","25/08/2025 12:00 AM ? 4:00 PM,17/07/2025 10:00 AM ? 3:00 PM",
"August 21, 2025 2:36 PM",Alumna 48,8823074726,21000,8276.5,18500,2500,"Anticipo (https://www.notion.so/Anticipo-256339df0075812db684d2210c6e2c6e?pvs=21), Inscripci¢n (https://www.notion.so/Inscripci-n-269339df007581e08e0be9a46b9bd07b?pvs=21), Semana 1 (https://www.notion.so/Semana-1-269339df0075808c9e76ed22c41adcb0?pvs=21), #0208 Semana Carrera (https://www.notion.so/0208-Semana-Carrera-272339df007580d295b4ed851860e69e?pvs=21), #0208 (https://www.notion.so/0208-272339df007580b98b3de0163bd0d9b2?pvs=21), #0250 Cios (https://www.notion.so/0250-Cios-28f339df0075806ca028e700cf4faa48?pvs=21), #0242 (https://www.notion.so/0242-28f339df007580b1a677da1b4693b4eb?pvs=21), #0219 2da Semana (https://www.notion.so/0219-2da-Semana-28f339df007580699f10f3831a9e8bdf?pvs=21), #0221 (https://www.notion.so/0221-28f339df007580c5b8f2d50affe7e5c9?pvs=21), #0242 (https://www.notion.so/0242-28f339df007580b194bfd312c09eda29?pvs=21), #0156 Pago semana (https://www.notion.so/0156-Pago-semana-28f339df00758050a923cfdfe203b2e1?pvs=21), #0171 (https://www.notion.so/0171-293339df0075807ba0ece2f16a2111cb?pvs=21), #0173 (https://www.notion.so/0173-293339df007580aa88d0f16e1de40bd4?pvs=21), #0173 (https://www.notion.so/0173-293339df00758060a710e2d7f6785154?pvs=21), #0177 (https://www.notion.so/0177-293339df00758025a02fda407fd6d46c?pvs=21), #0194 (https://www.notion.so/0194-293339df00758028b753f0dd11b798aa?pvs=21), #0189 (https://www.notion.so/0189-293339df00758028b77bf18a73b8614b?pvs=21), #0189 (https://www.notion.so/0189-293339df007580fcb7cbf747bd800463?pvs=21), #0189 (https://www.notion.so/0189-293339df00758063ab80d67371b0bce8?pvs=21), #0255 Semana (https://www.notion.so/0255-Semana-293339df0075806db6b4cf3475749f2e?pvs=21), #0255 Semana (https://www.notion.so/0255-Semana-293339df00758004b847f503a8d91dce?pvs=21), #0162 (https://www.notion.so/0162-295339df00758019b2e0f16836c938b5?pvs=21)",GDL,"25.08.26 Taller Limpieza Facial Profunda (GDL) (https://www.notion.so/25-08-26-Taller-Limpieza-Facial-Profunda-GDL-22d339df0075806c8863cc9075feb4e7?pvs=21), Carrera Especializada Intensiva Sept-Oct (https://www.notion.so/Carrera-Especializada-Intensiva-Sept-Oct-217339df00758049adc0f455d64ba353?pvs=21)","26/08/2025 10:00 AM ? 3:00 PM,09/09/2025 ? 29/10/2025",
"August 25, 2025 12:03 PM",Alumna 49,5464185130,2000,10547,3500,-1500,"Anticipo (https://www.notion.so/Anticipo-25a339df00758137a7c7e2e8e224eb44?pvs=21), #0135 Liquida (https://www.notion.so/0135-Liquida-25d339df007580de8ad0cdf108e5a6d8?pvs=21), #0136 Producto (https://www.notion.so/0136-Producto-25d339df007580629b44ffafb3f4059f?pvs=21), #0136 Producto (1) (https://www.notion.so/0136-Producto-1-25d339df007580f1b4e3f5ece6ae9e22?pvs=21), #0138 Producto (https://www.notion.so/0138-Producto-25e339df0075802db381f757625cd973?pvs=21), #0143 Fuxion (https://www.notion.so/0143-Fuxion-25e339df00758066b460d0cda6a2ec3b?pvs=21), #0146 Producto (https://www.notion.so/0146-Producto-25e339df0075802bab11cda7569f9d07?pvs=21), # Nuevo pago de taller (https://www.notion.so/Nuevo-pago-de-taller-2b2339df00758014a27ef9cbd16e66a9?pvs=21), #0198 liquida (https://www.notion.so/0198-liquida-2c5339df007581cc8d4edcf005e4fde1?pvs=21), #0263 producto (https://www.notion.so/0263-producto-2c5339df007581ca89fac4aea3a261e2?pvs=21)",GDL,25.08.27 Peeling µcidos (https://www.notion.so/25-08-27-Peeling-cidos-1ad339df007580449abbcdb3b3460df7?pvs=21),27/08/2025 10:00 AM ? 3:00 PM,
"August 25, 2025 12:06 PM",Alumna 50,2722270534,2000,0,500,1500,Anticipo (https://www.notion.so/Anticipo-25a339df00758180b202cffee0e6eecb?pvs=21),GDL,25.08.26 Taller Limpieza Facial Profunda (GDL) (https://www.notion.so/25-08-26-Taller-Limpieza-Facial-Profunda-GDL-22d339df0075806c8863cc9075feb4e7?pvs=21),26/08/2025 10:00 AM ? 3:00 PM,
"August 25, 2025 12:09 PM",Alumna 51,3397508568,2000,0,0,2000,Anticipo (https://www.notion.so/Anticipo-25a339df007581f5b370ef467d2e0c7e?pvs=21),GDL,25.08.28 Taller Carrusel Corporal Pt. 2 (https://www.notion.so/25-08-28-Taller-Carrusel-Corporal-Pt-2-22d339df00758040b34efa650f73fa56?pvs=21),28/08/2025 10:00 AM ? 3:00 PM,
"August 25, 2025 12:11 PM",Alumna 52,1548279906,2000,3431,2000,0,"Anticipo (https://www.notion.so/Anticipo-25a339df007581d69d3ecd4b611b07a1?pvs=21), #0137 Liquida (https://www.notion.so/0137-Liquida-25d339df00758002a31dde15c926e86c?pvs=21), #0145 Productos (https://www.notion.so/0145-Productos-25e339df00758051bdbac73857bfcba7?pvs=21)",GDL,25.08.27 Peeling µcidos (https://www.notion.so/25-08-27-Peeling-cidos-1ad339df007580449abbcdb3b3460df7?pvs=21),27/08/2025 10:00 AM ? 3:00 PM,
"August 25, 2025 12:12 PM",Alumna 53,4711184323,2000,240,4000,-2000,"Anticipo (https://www.notion.so/Anticipo-25a339df00758141b0fac56e724caeca?pvs=21), #0140 Liquida (https://www.notion.so/0140-Liquida-25e339df0075806d98dcea691047b2fc?pvs=21), #0144 Fuxion (https://www.notion.so/0144-Fuxion-25e339df007580d6aeddc09e02d8fd0c?pvs=21), #0197 liquida (https://www.notion.so/0197-liquida-2c5339df007581dc8534dbe64c17f8f0?pvs=21)",GDL,25.08.27 Peeling µcidos (https://www.notion.so/25-08-27-Peeling-cidos-1ad339df007580449abbcdb3b3460df7?pvs=21),27/08/2025 10:00 AM ? 3:00 PM,
"August 25, 2025 1:28 PM",Alumna 54,2526376253,19000,8831,19350,-350,"# Nuevo pago de taller (https://www.notion.so/Nuevo-pago-de-taller-25a339df007580618eb7c0df44cf6572?pvs=21), #0202 Semana Carrera (https://www.notion.so/0202-Semana-Carrera-272339df007580e9bcf2d84b3da1f918?pvs=21), #0212 (https://www.notion.so/0212-272339df007580c0b009daa300d50174?pvs=21), #0212 Semana 2 Carrera (https://www.notion.so/0212-Semana-2-Carrera-272339df007580bdb92fc9c87e014d9f?pvs=21), #0250 Cios (2) (https://www.notion.so/0250-Cios-2-28f339df007580f0b756d665cf6d709d?pvs=21), #0220 (https://www.notion.so/0220-28f339df0075806da0a2e138dbd322d8?pvs=21), #0220 3ra y 4ta semana (https://www.notion.so/0220-3ra-y-4ta-semana-28f339df0075800ab451cbdd14ef4e57?pvs=21), #0243 (https://www.notion.so/0243-28f339df00758031b9cdc76563c2983b?pvs=21), #0245 5ta semana  (https://www.notion.so/0245-5ta-semana-28f339df007580358924c15502245911?pvs=21), #0157 (https://www.notion.so/0157-28f339df007580ab9877feda61a77f8f?pvs=21), #0245 (https://www.notion.so/0245-28f339df00758027b470eef6ae39df93?pvs=21), #0248 (https://www.notion.so/0248-28f339df00758020bebfda27a69c804b?pvs=21), #0169 6ta semana (https://www.notion.so/0169-6ta-semana-293339df0075801fafc1e4b3e52adfe3?pvs=21), #0169 (https://www.notion.so/0169-293339df0075808996a5e3d9a976acf1?pvs=21), #0192 (https://www.notion.so/0192-293339df007580fdab66ee5ab82531d6?pvs=21), #0191 (https://www.notion.so/0191-293339df007580c991c6d62446a3142f?pvs=21), #0190 Semana 8 (https://www.notion.so/0190-Semana-8-293339df007580e5af9cfded2d31ef9f?pvs=21), #0257 Semana (https://www.notion.so/0257-Semana-293339df007580209b4fe0fa3ff63422?pvs=21), #0257 (https://www.notion.so/0257-293339df007580e8b52fed5287f02dc7?pvs=21), #0159 Semana (https://www.notion.so/0159-Semana-293339df00758086a182ed4cb34c39a3?pvs=21), #0159 Pago pendiente (https://www.notion.so/0159-Pago-pendiente-293339df00758040984fcbe01d28f274?pvs=21), # Anticipo (https://www.notion.so/Anticipo-2bc339df00758003831cee70169edadf?pvs=21), #261 (https://www.notion.so/261-2c5339df00758067b5b7de9196c8473b?pvs=21)",GDL,Carrera Especializada Intensiva Sept-Oct (https://www.notion.so/Carrera-Especializada-Intensiva-Sept-Oct-217339df00758049adc0f455d64ba353?pvs=21),09/09/2025 ? 29/10/2025,
"August 25, 2025 3:22 PM",Alumna 55,8973146653,2000,3187.5,2000,0,"Anticipo (https://www.notion.so/Anticipo-25a339df00758029ad92c4e3667f0afc?pvs=21), #0125 Liquida (https://www.notion.so/0125-Liquida-25b339df007581e2a731d4762c56a8a3?pvs=21), #0133 Productos (https://www.notion.so/0133-Productos-25c339df007580f7b1bae43774a89efa?pvs=21), #0133 Productos (https://www.notion.so/0133-Productos-25c339df007580b78020e932ad7c769e?pvs=21)",GDL,25.08.26 Taller Limpieza Facial Profunda (GDL) (https://www.notion.so/25-08-26-Taller-Limpieza-Facial-Profunda-GDL-22d339df0075806c8863cc9075feb4e7?pvs=21),26/08/2025 10:00 AM ? 3:00 PM,
"August 25, 2025 5:12 PM",Alumna 56,8551938724,2000,3910,5500,-3500,"Anticipo (https://www.notion.so/Anticipo-25a339df00758077b2fcfe29b562671f?pvs=21), # 0123 Liquida (https://www.notion.so/0123-Liquida-25b339df0075817fa54ce4c4c03ad1a1?pvs=21), #0130 Productos (https://www.notion.so/0130-Productos-25c339df00758041a7c0d69c396bade6?pvs=21), #0134 Producto (https://www.notion.so/0134-Producto-25c339df007580019566d0dedc2d165b?pvs=21), #0134 Liquida Taller Privado (https://www.notion.so/0134-Liquida-Taller-Privado-25c339df007580e1ae1adb30c1943f89?pvs=21)",GDL,25.08.26 Taller Limpieza Facial Profunda (GDL) (https://www.notion.so/25-08-26-Taller-Limpieza-Facial-Profunda-GDL-22d339df0075806c8863cc9075feb4e7?pvs=21),26/08/2025 10:00 AM ? 3:00 PM,
"August 25, 2025 8:04 PM",Alumna 57,4262584590,2000,425,2000,0,"Anticipo (https://www.notion.so/Anticipo-25b339df007580a2b8d1e80752451b0b?pvs=21), #0128 Liquida (https://www.notion.so/0128-Liquida-25b339df007581288c94f22590bc76f3?pvs=21), #0132 Producto (https://www.notion.so/0132-Producto-25c339df0075803db1d8d8cc902af401?pvs=21)",GDL,25.08.26 Taller Limpieza Facial Profunda (GDL) (https://www.notion.so/25-08-26-Taller-Limpieza-Facial-Profunda-GDL-22d339df0075806c8863cc9075feb4e7?pvs=21),26/08/2025 10:00 AM ? 3:00 PM,
"August 25, 2025 8:06 PM",Alumna 58,1455141135,2000,0,2000,0,"Anticipo (https://www.notion.so/Anticipo-25b339df0075807b8fd5dfef47e9e6fe?pvs=21), #0124 (https://www.notion.so/0124-25c339df0075802fbc1beefa3db82242?pvs=21)",GDL,25.08.26 Taller Limpieza Facial Profunda (GDL) (https://www.notion.so/25-08-26-Taller-Limpieza-Facial-Profunda-GDL-22d339df0075806c8863cc9075feb4e7?pvs=21),26/08/2025 10:00 AM ? 3:00 PM,
"August 26, 2025 7:53 PM",Alumna 59,5704112638,2000,135,2000,0,"Anticipo (https://www.notion.so/Anticipo-25c339df007580c5935ff2ee1ffd0ad2?pvs=21), #0139 Liquida (https://www.notion.so/0139-Liquida-25e339df0075800da7b2fe87d1e64427?pvs=21), #0142 Fuxion (https://www.notion.so/0142-Fuxion-25e339df007580808f35da8ac5809b9b?pvs=21)",GDL,25.08.27 Peeling µcidos (https://www.notion.so/25-08-27-Peeling-cidos-1ad339df007580449abbcdb3b3460df7?pvs=21),27/08/2025 10:00 AM ? 3:00 PM,
"August 27, 2025 11:37 AM",Alumna 60,8125162039,19000,11746.5,20350,-1350,"#0129 Carrera (https://www.notion.so/0129-Carrera-25c339df007580659cb6c6a7a0697cd0?pvs=21), #0129 Uniforme (https://www.notion.so/0129-Uniforme-25c339df007580a4adb7dd6305afe23d?pvs=21), #0209 (https://www.notion.so/0209-272339df00758037a762ffef77837eed?pvs=21), #0209 (https://www.notion.so/0209-272339df0075803fbc61e318c538e599?pvs=21), #0211 (https://www.notion.so/0211-272339df0075808cbccfd359d54a66c2?pvs=21), #0250 Cios (https://www.notion.so/0250-Cios-28f339df007580128c5fd779da1ea6e1?pvs=21), #0217 2da Semana (https://www.notion.so/0217-2da-Semana-28f339df0075808ab9e0fb76a2b6e974?pvs=21), #0241 3ra semana taller (https://www.notion.so/0241-3ra-semana-taller-28f339df00758002b724f8c4d2e5f7a3?pvs=21), #0222 (https://www.notion.so/0222-28f339df007580fbad7ff93aff223a7d?pvs=21), #0223 (https://www.notion.so/0223-28f339df007580d5acb3dbeb87cac7d3?pvs=21), #0158 (https://www.notion.so/0158-28f339df00758043a405f435421a1012?pvs=21), #0163 (https://www.notion.so/0163-293339df0075809b9e22ec7f573753a0?pvs=21), #0172 (https://www.notion.so/0172-293339df0075807ba533ce2c01efbea9?pvs=21), #0178 (https://www.notion.so/0178-293339df007580a9b9f4fc945749bc4c?pvs=21), #195 (https://www.notion.so/195-293339df0075808e98a7c7de1bbfe600?pvs=21), #179 (https://www.notion.so/179-293339df007580638e66dd430eeaaf12?pvs=21), #0187 (https://www.notion.so/0187-293339df0075803799b9fee0cf64a5ab?pvs=21), #0185 (https://www.notion.so/0185-293339df007580b1ab74fed9543001fd?pvs=21), #0188 (https://www.notion.so/0188-293339df0075806fa22ed5a819c69f16?pvs=21), #0251 (https://www.notion.so/0251-293339df00758023bccbc6202e6fb2d9?pvs=21), #0256 Semana y papeles (https://www.notion.so/0256-Semana-y-papeles-293339df00758005baecfd185e6f0ce5?pvs=21), #0271 (https://www.notion.so/0271-2c5339df00758072a83ce4d50eef8a70?pvs=21), #0271 (1) (https://www.notion.so/0271-1-2c5339df007580e6a182d139f32fa310?pvs=21), #0265 (https://www.notion.so/0265-2c5339df0075807eba39d7bb31b9d8c4?pvs=21)",GDL,Carrera Especializada Intensiva Sept-Oct (https://www.notion.so/Carrera-Especializada-Intensiva-Sept-Oct-217339df00758049adc0f455d64ba353?pvs=21),09/09/2025 ? 29/10/2025,
"September 2, 2025 7:26 PM",Alumna 61,,19000,13216,18000,1000,"#0201 Inscripci¢n Carrera (https://www.notion.so/0201-Inscripci-n-Carrera-263339df007580ee8c28f8f7a1b79591?pvs=21), #0203 Semana Carrera (https://www.notion.so/0203-Semana-Carrera-272339df00758064aa78fd0fffc10dd9?pvs=21), #0250 Cios (https://www.notion.so/0250-Cios-28f339df007580d5abf6d446ea2a7971?pvs=21), #0240 3ra semana (https://www.notion.so/0240-3ra-semana-28f339df007580e994d0de9193293d72?pvs=21), #0214 (https://www.notion.so/0214-28f339df0075807bacc3f6b91395da79?pvs=21), #0240 (https://www.notion.so/0240-28f339df00758012b2d0d4b8113be026?pvs=21), #0216 2da Semana (https://www.notion.so/0216-2da-Semana-28f339df0075809da329d93347af058b?pvs=21), #0224 (https://www.notion.so/0224-28f339df0075800c8044e5b8831de666?pvs=21), #0247 (https://www.notion.so/0247-28f339df007580e29e0ec90dd89ddf4f?pvs=21), #0164 (https://www.notion.so/0164-293339df0075804bbda6fb710c237027?pvs=21), #0165 (https://www.notion.so/0165-293339df0075800fa02ade09c5ef5e0d?pvs=21), #0166 SEP (https://www.notion.so/0166-SEP-293339df007580b6903cefa825d83677?pvs=21), #0168 (https://www.notion.so/0168-293339df007580bfa2a1f9280483b605?pvs=21), #3025 (https://www.notion.so/3025-293339df007580ffa674e6ec32cd2471?pvs=21), #0193 (https://www.notion.so/0193-293339df007580d4a412e5a35de222d9?pvs=21), #0193 (https://www.notion.so/0193-293339df007580079628f9e6f90e3924?pvs=21), #0184 (https://www.notion.so/0184-293339df00758039abc3c48fa86b15ec?pvs=21), #0252 Pago de semana (https://www.notion.so/0252-Pago-de-semana-293339df007580c09071e76d60a20f97?pvs=21)",GDL,Carrera Especializada Intensiva Sept-Oct (https://www.notion.so/Carrera-Especializada-Intensiva-Sept-Oct-217339df00758049adc0f455d64ba353?pvs=21),09/09/2025 ? 29/10/2025,
"September 19, 2025 1:13 PM",Alumna 62,1343803650,2000,0,2000,0,"# Apartado (https://www.notion.so/Apartado-273339df0075805790d3edc5cd544d93?pvs=21), #0225 Nuevo pago de taller (https://www.notion.so/0225-Nuevo-pago-de-taller-275339df0075804ab0a0e9b769e6eff3?pvs=21)",GDL,25.09.21 Ampolleter¡a con Dermapen (GDL) (https://www.notion.so/25-09-21-Ampolleter-a-con-Dermapen-GDL-22d339df007580f690e1c529ff9727f0?pvs=21),21/09/2025 10:00 AM ? 3:00 PM,WhatsApp_Image_2025-09-07_at_1.59.42_PM.jpeg
"September 19, 2025 1:16 PM",Alumna 63,1164838979,2000,515,2000,0,"# Apartado (https://www.notion.so/Apartado-273339df007580688bcbfc79080854cb?pvs=21), #0228 Liq taller (https://www.notion.so/0228-Liq-taller-275339df0075804e9feafe555a87483a?pvs=21), #0236 Nuevo pago otros (https://www.notion.so/0236-Nuevo-pago-otros-278339df0075802c82f7c0e4b3d6a6cf?pvs=21)",GDL,25.09.21 Ampolleter¡a con Dermapen (GDL) (https://www.notion.so/25-09-21-Ampolleter-a-con-Dermapen-GDL-22d339df007580f690e1c529ff9727f0?pvs=21),21/09/2025 10:00 AM ? 3:00 PM,
"September 19, 2025 1:18 PM",Alumna 64,6880673935,2000,960,2000,0,"# Apartado (https://www.notion.so/Apartado-273339df007580a88941cd116520be80?pvs=21), #0229 Liq taller (https://www.notion.so/0229-Liq-taller-275339df00758004ac30cbfe7a896d59?pvs=21), #0237 Nuevo pago otros (https://www.notion.so/0237-Nuevo-pago-otros-278339df007580bfbf88f1a9b38e9f5c?pvs=21)",GDL,25.09.21 Ampolleter¡a con Dermapen (GDL) (https://www.notion.so/25-09-21-Ampolleter-a-con-Dermapen-GDL-22d339df007580f690e1c529ff9727f0?pvs=21),21/09/2025 10:00 AM ? 3:00 PM,
"September 19, 2025 1:20 PM",Alumna 65,2301003509,2000,55,2000,0,"# Apartado (https://www.notion.so/Apartado-273339df0075800dbea9e9de339481d8?pvs=21), #0227 Liq Curso (https://www.notion.so/0227-Liq-Curso-275339df0075804aabc0fa871565ff06?pvs=21), #0238 Nuevo pago otros (https://www.notion.so/0238-Nuevo-pago-otros-278339df0075809a8151d3ad00750ac3?pvs=21)",GDL,25.09.21 Ampolleter¡a con Dermapen (GDL) (https://www.notion.so/25-09-21-Ampolleter-a-con-Dermapen-GDL-22d339df007580f690e1c529ff9727f0?pvs=21),21/09/2025 10:00 AM ? 3:00 PM,
"September 19, 2025 1:42 PM",Alumna 66,5002956442,2000,4470,2500,-500,"#0215 Liq curso (https://www.notion.so/0215-Liq-curso-273339df0075808598b9cdc7bd2dc435?pvs=21), #0239 Nuevo pago de taller (https://www.notion.so/0239-Nuevo-pago-de-taller-278339df007580ad877beaf4ac5a16bd?pvs=21), #0239 Nuevo pago de taller (1) (https://www.notion.so/0239-Nuevo-pago-de-taller-1-278339df007580c6a4cdf8fd3e1880a3?pvs=21), #0235 (https://www.notion.so/0235-278339df00758019b501fa3ef39186fc?pvs=21), #0182  (https://www.notion.so/0182-29d339df00758094a5c8d8dd2fe45f52?pvs=21), #0182 (1) (https://www.notion.so/0182-1-29d339df007580248a4ecf83ab4f5181?pvs=21), #0183 (https://www.notion.so/0183-29d339df0075804d8598fd8b6b6ca3f5?pvs=21)",GDL,25.09.21 Ampolleter¡a con Dermapen (GDL) (https://www.notion.so/25-09-21-Ampolleter-a-con-Dermapen-GDL-22d339df007580f690e1c529ff9727f0?pvs=21),21/09/2025 10:00 AM ? 3:00 PM,
"September 19, 2025 1:46 PM",Alumna 67,5014426326,2000,382,2000,0,"Apartado (https://www.notion.so/Apartado-273339df007581f0a55cc94b66e5eeb9?pvs=21), #0230 liq taller (https://www.notion.so/0230-liq-taller-275339df007580dda917e81f4cb7e0b4?pvs=21), #0232 (https://www.notion.so/0232-275339df007580dbbfb7dbc075e51251?pvs=21)",GDL,25.09.21 Ampolleter¡a con Dermapen (GDL) (https://www.notion.so/25-09-21-Ampolleter-a-con-Dermapen-GDL-22d339df007580f690e1c529ff9727f0?pvs=21),21/09/2025 10:00 AM ? 3:00 PM,
"September 21, 2025 11:07 AM",Alumna 68,5206128246,1500,0,1500,0,"# Apartado (https://www.notion.so/Apartado-275339df0075805aa3a8ead83b66e582?pvs=21), #0226 Liq Taller (https://www.notion.so/0226-Liq-Taller-29d339df007580518cdcd8d2fecee618?pvs=21)",GDL,25.09.21 Ampolleter¡a con Dermapen (GDL) - Precio Alumnas (https://www.notion.so/25-09-21-Ampolleter-a-con-Dermapen-GDL-Precio-Alumnas-22d339df0075804a85bdd6878a2a6808?pvs=21),21/09/2025 10:00 AM ? 3:00 PM,
"October 1, 2025 6:14 PM",Alumna 69,7023459222,2000,510,2000,0,"# Nuevo pago de taller (https://www.notion.so/Nuevo-pago-de-taller-280339df007580f082bef273b8af4098?pvs=21), #0180 (https://www.notion.so/0180-29d339df00758087ae63ffeb0cf7a68a?pvs=21), #0181 (https://www.notion.so/0181-29d339df00758026a549c9136175616c?pvs=21)",GDL,25.10.12 Taller: Protocolos Faciales y Diagn¢stico (GDL) (https://www.notion.so/25-10-12-Taller-Protocolos-Faciales-y-Diagn-stico-GDL-256339df007580b2be6bd7a5af288f3f?pvs=21),12/10/2025 10:00 AM ? 3:00 PM,
"October 28, 2025 12:30 PM",Alumna 70,3431606139,3500,0,1000,2500,# apartado (https://www.notion.so/apartado-29a339df00758040a5c9f53899dd72ce?pvs=21),GDL,25.10.30 Taller personalizado: Laser ND:YAG (https://www.notion.so/25-10-30-Taller-personalizado-Laser-ND-YAG-29a339df0075802087fad8bffa124ae4?pvs=21),30/10/2025,
"November 19, 2025 12:26 PM",Alumna 71,2307267659,2000,0,0,2000,,GDL,25.12.09 Taller: Facial Koreano (GDL) (https://www.notion.so/25-12-09-Taller-Facial-Koreano-GDL-256339df007580288840e98e41325a7b?pvs=21),09/12/2025 9:00 AM ? 2:00 PM,
"November 19, 2025 12:29 PM",Alumna 72,1931740135,2000,700,1500,500,"# Anticipo (https://www.notion.so/Anticipo-2b0339df007580ed99d9d7320b9e4775?pvs=21), # Apartado (https://www.notion.so/Apartado-2b0339df00758023a4a9c74bb17edf2e?pvs=21), #0270 (https://www.notion.so/0270-2c5339df0075806b8e5ef5b698b85eb9?pvs=21), #0270 (https://www.notion.so/0270-2c5339df007580e7906ed2d1196cdf72?pvs=21)",GDL,25.12.09 Taller: Plasmapen (GDL)  (https://www.notion.so/25-12-09-Taller-Plasmapen-GDL-256339df007580f2abe0e5ac19bd1853?pvs=21),09/12/2025 3:00 PM ? 7:00 PM,
"December 1, 2025 4:56 PM",Alumna 73,8191326481,1500,3700,1500,0,"# Apartado (https://www.notion.so/Apartado-2bc339df00758073b419f88e9e9b3546?pvs=21), #0259 (https://www.notion.so/0259-2c5339df007580ed8936da370860209a?pvs=21), #264 (https://www.notion.so/264-2c5339df007580c19301d23508404194?pvs=21)",GDL,25.12.09 Taller: Facial Koreano (GDL) - Precio Buen Fin (https://www.notion.so/25-12-09-Taller-Facial-Koreano-GDL-Precio-Buen-Fin-256339df0075805fb7e9ffb5ee1d95c4?pvs=21),09/12/2025 9:00 AM ? 2:00 PM,
"December 8, 2025 12:08 PM",Alumna 74,4786909739,1500,1000,1500,0,"#Anticipo (https://www.notion.so/Anticipo-2c3339df0075805b99defed4c0d6e192?pvs=21), #0266 (https://www.notion.so/0266-2c5339df0075803ab0f3d9e63cc44000?pvs=21), #0272 (https://www.notion.so/0272-2c5339df007580e0b088f6dfece87117?pvs=21)",GDL,25.12.09 Taller: Plasmapen (GDL) - Precio Buen Fin (https://www.notion.so/25-12-09-Taller-Plasmapen-GDL-Precio-Buen-Fin-256339df00758016826dc6b23d01aed6?pvs=21),09/12/2025 3:00 PM ? 7:00 PM,
"December 8, 2025 12:09 PM",Alumna 75,,1500,0,1500,0,"#Anticipo (https://www.notion.so/Anticipo-2c3339df007580a4acfaf27dc756a601?pvs=21), #0267 (https://www.notion.so/0267-2c5339df0075806f800bea654203abc4?pvs=21)",GDL,25.12.09 Taller: Plasmapen (GDL) - Precio Buen Fin (https://www.notion.so/25-12-09-Taller-Plasmapen-GDL-Precio-Buen-Fin-256339df00758016826dc6b23d01aed6?pvs=21),09/12/2025 3:00 PM ? 7:00 PM,
"December 8, 2025 12:12 PM",Alumna 76,2746053248,1500,1450,1500,0,"# Anticipo (https://www.notion.so/Anticipo-2c3339df007580fa9fabf5e3f54be1ec?pvs=21), #0272 (https://www.notion.so/0272-2c5339df00758053ae1ed893491b91d5?pvs=21), #0268 (https://www.notion.so/0268-2c5339df0075805ba96ef5b6a1a7582a?pvs=21)",GDL,25.12.09 Taller: Plasmapen (GDL) - Precio Buen Fin (https://www.notion.so/25-12-09-Taller-Plasmapen-GDL-Precio-Buen-Fin-256339df00758016826dc6b23d01aed6?pvs=21),09/12/2025 3:00 PM ? 7:00 PM,
"December 8, 2025 12:12 PM",Alumna 77,,1500,0,1500,0,"# Anticipo (1) (https://www.notion.so/Anticipo-1-2c3339df007580bd816adddbe9eb8fe2?pvs=21), #0269 (https://www.notion.so/0269-2c5339df007580178a5fc3ac2b9215ff?pvs=21)",GDL,25.12.09 Taller: Plasmapen (GDL) - Precio Buen Fin (https://www.notion.so/25-12-09-Taller-Plasmapen-GDL-Precio-Buen-Fin-256339df00758016826dc6b23d01aed6?pvs=21),09/12/2025 3:00 PM ? 7:00 PM,
"December 8, 2025 12:49 PM",Alumna 78,6150862334,1500,0,1500,0,"# Anticipo (https://www.notion.so/Anticipo-2c3339df007580289babd2f043d289cf?pvs=21), #0273 (https://www.notion.so/0273-2c5339df0075814596a0c1b29c32b497?pvs=21)",GDL,25.12.10 Taller: Bioestimulaci¢n con Pptidose Hilos Tensores (GDL) - Precio Alumna (https://www.notion.so/25-12-10-Taller-Bioestimulaci-n-con-P-ptidose-Hilos-Tensores-GDL-Precio-Alumna-256339df00758061beb7cb317b177f5a?pvs=21),10/12/2025 10:00 AM ? 3:00 PM,
"December 9, 2025 5:53 PM",Alumna 79,,2000,2475,1500,500,"#262 (https://www.notion.so/262-2c5339df00758039a105db5241342868?pvs=21), #0199 liquida (https://www.notion.so/0199-liquida-2c5339df007581989c40c50f414cfc8e?pvs=21), #262 (1) (https://www.notion.so/262-1-2c5339df00758017b687f2f5ab681586?pvs=21)",GDL,25.12.09 Taller: Facial Koreano (GDL) (https://www.notion.so/25-12-09-Taller-Facial-Koreano-GDL-256339df007580288840e98e41325a7b?pvs=21),09/12/2025 9:00 AM ? 2:00 PM,
"December 9, 2025 5:55 PM",Alumna 80,,0,0,1500,-1500,"#Anticipo (https://www.notion.so/Anticipo-2c5339df0075806797cec7df84d26876?pvs=21), #0200 liquida (https://www.notion.so/0200-liquida-2c5339df007581dabb52ff505ed8c11c?pvs=21)",,,,
